Random_Graph_Seed,Node_Hash_Result,Elapsed_Node_Hash,Edge_Hash_Result,Elapsed_Edge_Hash
0.002970720397236115,True,6.945154400003958,True,44.02487680000195
0.6239469932400351,True,6.700233299998217,True,43.56034830000135
0.5770325233009144,True,6.740718300003209,True,43.81813450000482
0.6108554112557504,True,6.769054600001255,True,43.93819120000262
0.9123791847274865,True,6.697364399995422,True,44.07512549999956
0.6327148309593815,True,7.967682100003003,True,44.38830140000209
0.8352082282126567,True,6.698826200001349,True,43.51732500000071
0.3838425639373114,True,6.72446000000491,True,43.81540490000043
0.39048339922358455,True,6.708159899993916,True,43.69907940000121
0.10147885341776097,True,6.720310900003824,True,43.795414000000164
