Nodes,Random_Graph_Seed,Node_Hash_Result,Elapsed_Node_Hash
100,0.07257138468210633,False,0.011293099999875267
200,0.20015691582174666,False,0.03828930000008768
300,0.7959575677451499,False,0.08515519999991739
400,0.8775420790959408,False,0.14158660000020973
500,0.8426814430400547,False,0.21329579999974158
600,0.45328348002254404,False,0.2949122999998508
700,0.3263220464335864,False,0.3968709000000672
800,0.20336761556421,False,0.5008677000000716
900,0.2365447382640793,False,0.6516403999999056
1000,0.19935493085000333,False,0.8030346999998983
1100,0.30884839574814793,False,0.9363827000001947
1200,0.04221990892455141,False,1.1676330999998754
1300,0.6569209036267145,False,1.3997982000000775
1400,0.40004745942905406,False,1.568941200000154
1500,0.8338451339193557,False,1.8421269000000393
1600,0.11091997593049052,False,2.1140768000000207
1700,0.35954748413743476,False,2.3992653000000246
1800,0.3145750426708912,False,2.647244600000249
1900,0.43218198461706925,False,2.985269600000265
2000,0.9852787018255864,False,3.315619400000287
2100,0.5861499902433355,False,3.704145199999857
2200,0.005863593862981964,False,3.9074679999998807
2300,0.09484661250876747,False,4.41437360000009
2400,0.8783221322997911,False,4.697172000000137
2500,0.02236396409200936,False,5.266715700000077
2600,0.928009008836004,False,5.746382399999675
2700,0.8881211903531798,False,5.956980299999941
2800,0.5445396496813654,False,6.491611699999794
2900,0.5061270419304612,False,7.106011700000181
3000,0.7924334998596753,False,7.751394299999902
3100,0.3965765537868142,False,8.246481199999835
3200,0.6205821845234408,False,8.62186870000005
3300,0.8202746596252359,False,9.264311100000214
3400,0.5988550297609727,False,9.87539629999992
3500,0.24126568734934573,False,10.479084700000385
3600,0.14081471356483288,False,11.111545600000227
3700,0.9815083392647697,False,11.73355470000024
3800,0.406525837962868,False,12.450554600000032
3900,0.12058459128071619,False,13.028588600000148
